標題,作者,日期
[分享] 「一同去蕉遊 x GOGO洲際」 下層進場贈品,ruka660101,4/17
[情報] 美日韓職 2024迄今整體均速,zxc906383,4/17
Re: [問題] 要如何分辨出投手在投什麼球？,backpacker18,4/17
[新聞] 中信兄弟》恩力在S-1同化性物質呈陽性反,jackwelch,4/17
[新聞] 準經長郭智輝參與職棒跳票？崇越回應了,william8403,4/17
[新聞] SPC-MLB》大谷太急了！得點圈打擊率降至,Lisanity,4/17
[情報] NPB 4/17 球員異動,YuiiAnitima,4/17
[新聞] MLB》遭菊池雄星痛宰！ 洋基「法官」開季,ccf52881,4/17
[分享] 今日Dylan Cease,justin821129,4/17
[新聞] 大谷翔平雙安連3戰敲安　貝茲火燙5安！道,ccf52881,4/17
[分享]台鋼雄鷹FB 7/30.31前進花蓮球場,micheal59,4/17
[新聞] 極端守備布陣遭破解  葉總一語道破魔鷹,teramars,4/17
[LIVE] NPB 軟銀 v 火腿　福島蓮初登板,YuiiAnitima,4/17
[LIVE] NPB 西武 v 羅德　松本航－西野勇士,YuiiAnitima,4/17
[LIVE] NPB 巨人 v 阪神　赤星優志－伊藤将司,YuiiAnitima,4/17
[LIVE] NPB 歐力士 v 樂天　Espinoza－岸孝之,YuiiAnitima,4/17
[討論] 總冠軍賽八連勝有多暴力,HSUGuangHan,4/17
[LIVE] NPB 養樂多 v 中日　小澤怜史－涌井秀章,YuiiAnitima,4/17
[LIVE] NPB DeNA v 廣島　濵口遥大－アドゥワ誠,YuiiAnitima,4/17
